ETH_key,	account_name,public_key,Balance
,	eoshuobipool,EOS6uwQufZt9SJix2qHnBTwJgaykfEHuXesifvV2HFFmhmaGN8tyo	,4
,	eoslaomaocom,EOS81d6BDkSz2aTbrKrxVJ2hvLw3PG6vjCe2J7M89zeUXaEt69seo	,4
,	bitfinexeos1,EOS6sgKjHUFtY1XxxQaMDwfxBac6nDBibVzZHb8LFMVmvSjcCdDhE	,4
,	zbeosbp11111,EOS5FkupTyY3dXrCQjcU7j7rdLr6MJyHP9aGCn3c2mzQD43ceyfGo	,4
,	starteosiobp,EOS5mB5dYCpQTHUPBS8SJ52sidTY9t7QNsZ2wg1Nzo5a1jKQM3Qx4	,4
,	jedaaaaaaaaa,EOS59p1niehQfFU9jdyLmqePxtkoCQm6BC5PKk8AjVTKdyq7NAt6C	,4
,	eosnewyorkio,EOS7p6AYJLZvTWKBnPHMY3ytmXkuyY55cz7XsSpFEKTyz5pZQiBhy	,4
,	eosliquideos,EOS7zrQa29HgkqLtaXvn6fRX9nX6WGkXgpGjgbLdJ6xwL3LHdM5Mp	,4
,	eosflytomars,EOS8ZvmiSd3CthBnyi7gtS59PD6p7GToqmy7zkBecRhn8zNrcAJfr	,4
,	eoscannonchn,EOS6zjtLMuZESWUnVFDnoZH6tbVK2jvBifsaV2ymzbQNaDoPYsgo3	,4
,	eosauthority,EOS6jYQkUfLAh9D1khdiSxaihsYivdzNwZjsJuxYveBTi96JVGRq1	,4
,	eosiosg11111,EOS6qAttGkRLcn5eXG4AFfy1jfFZwa7dTzoaX2QxVBYrrUMRAdJnA	,4
,	eos42freedom,EOS8QoCJ5TcopvKTVW5trtRKeynK5KCdTJiwwcFfdn8FVWxrfnhnN	,4
,	eoscanadacom,EOS8esiBart2LgGd98CwWgupqFMGtHxBV2uueesY5mHJNPRxCXCQQ	,4
,	atticlabeosb,EOS8muGPqzdcKN9PPDeDLaDiaG7g3Rb8ZwQi4u8aegtUaFmT8USXE	,4
,	cochainworld,EOS7P6qfV45t6odSNbcbPMMVnavP8gBP1NnJ5UYmRf4qcT3FWeukV	,4
,	teamgreymass,EOS8QzGtCea2thiqcTVeXGdyRZpdKYptQznbcWSMj73FD5RgwKN82	,4
,	eosfishrocks,EOS75DKqW23s1DhtApAyyZawnGBg5WKkS2E1b8e7wAveQf1P7dyHk	,4
,	eosswedenorg,EOS769BDs3Gu2kFBbm4q6HdVWbnownerqtaRjXW32BkLGaq59KTYL	,4
,	eosriobrazil,EOS5UhWBMYKPPzb4tigorbnrH9Ft7mogW1MmvViaHJkBif2kSa1f4	,4
,	eosdacserver,EOS7VAg2gdaXBPDvpwDyDbQGbwsQqwCRVFVkwmKhyfods5CFWF4VF	,4
,	libertyblock,EOS6vcbQ3xEWuvb9CQVLhQQFD8EojYd3M61Qagdf4r6DCjUTKN5Md	,4
,	eosbeijingbp,EOS7KvB8aV6xtJvspafeobEXbSzFwqMkiQRFuhc9gyjTMfr9w6yeq	,4
,	eospaceioeos,EOS5gsFRhxm2KsNHis2W5njYhd2p173gpXomVYtUHv7Z7bw5Hw3mB	,4
,	eosbixinboot,EOS7XWmJcsT6EoX6U4ZVqAb5h1gyHxbjHderxRixHvz64oXXcVmJv	,4
,	eosgenblockp,EOS7rGTp3LFkxaLjM6WLe7cXiBt7X4t3hnhyZHgCGdZJ2Qa98X7u7	,4
,	cypherglasss,EOS5rTrUiqvgu7YCVyKCeQ1QXA7Uo94FZhq7zKcNPqbrCP5u5fQXo	,4
,	argentinaeos,EOS6pnUFKrhNrUjCaeYQ7xLxnMJxde9ASWutdxUSbTScACkW3gYb9	,4
,	eosnationftw,EOS71mqtaNo48feEyMnSgNrC4XZ1ZV3qdykULkBDh4VuLUvD3UgRB	,4
,	eospacificbp,EOS7vPdqfFzibUGma1fhL7MiWj6cNrFsEu2uerTtzvvcQ6JafBqm1	,4
,	eostribeprod,EOS8LuzMKzRKgD1fjEWFgEe73Pcp1uteezQBeqyKSrqovEekTbiRD	,4
,	eosantpoolbp,EOS6ukPTnLt4dDPodfuK6qdvD3XAPQBeYf4dU2CLMG5Tknvi8GFbB	,4
,	eosstorebest,EOS6T7F8rmZgwBcdHe51Sui776ZewJCEPqpyHfR9nck2PxpjWMYHL	,4
,	eosiomeetone,EOS5ZPv2kumrPqPaxF1AzqMMtzRpK5a2DhVmowmULXU7Sp1P9cFKr	,4
,	eosasia11111,EOS83HZEdUFuB5krCYLHSosMUuguxYh7QhwbHZDYBwsLAyuiJcbFi	,4
,	unlimitedeos,EOS75HdSHqHzMAa1V7jeXW9EqFPY99uLWLT4VnMDHEHuh9USvvVKE	,4
,	eosyskoreabp,EOS5pBCbpmN3raABMhUa36CxXWBP3rty9wioCNTCtr3zmC5z7rwYk	,4
,	eostitanprod,EOS5Vr9kVHQmqRzqU72yrBeeoqjgjndsJyh26q2UEZfoYoFGPVbUC	,4
,	eoscafeblock,EOS7cEQtmGjnPtaMg2KeDemMMvYrm1NDk7tKfPHUN2b9J5ZuSPJfZ	,4
,	cryptolions1,EOS6GDCRCFzDCb3cz5esvpGKyf681jeyGDd46vi4Zq8pLkK6npY8R	,4
,	eosisgravity,EOS69HqyXHkHQi2cwadowhDE2f878DABWM4gWLZLdkDvSB7mXJ6tV	,4
,	eosdotwikibp,EOS5sPfSsi1HFHVHkVWdNfw1KTdJhM6QXV8LQG8brPRRrDDzLzRvq	,4
,	eosamsterdam,EOS5J41JPxweqzXWUFhrgZW7XxxSJigQrjSWtfLCxBVSNh9MxjVY8	,4
,	eoscleanerbp,EOS5ZaDPPS2k4jhc2A6BJiWFUVsore4C7VCnzXLDGv4BWasukptc4	,4
,	oraclegogogo,EOS7HyfHXyXG6k3mXA8yFnWgPZes56Ps5Enw7AL2ghaVKcGmgU6dP	,4
,	alohaeosprod,EOS7bnDX7coVC896kjFhR8VRbdVd8R8KmqkZ3GLNufaFMZipGL6Jf	,4
,	helloeoscnbp,EOS61hQTdwZ5Y4MQgM8yGyLwErCUm8589bpkfb8XaZJNJrzpSWVNW	,4
,	hkeoshkeosbp,EOS6WUtPZrhFoQgx8w7786qHJAEm9podA54BhMTHGYwoo3HgZZ99h	,4
,	aus1genereos,EOS88B8AUAtehLNujYwxa61qureFD1q3HnJCiA3iMa2tRhD66U7Nd	,4
,	tokenika4eos,EOS7HTS1mrkbvTP8RLHgSJGBnWTvqARKJYKEeVHx6fFNQ2Df8ZBeU	,4
,	superoneiobp,EOS5VqKPX82SaFzgKpcmhuBRaYmVozGeHTN5qQWPgXjhP2QUjLNtT	,4
,	blocksmithio,EOS77r8dQqiE8T9zr6j88T3VDpEAr2o6onBeNGzxzXhjWrviQyHNr	,4
,	sheos21sheos,EOS8c9bFD5VquNKtpEfWk3Hhpp1ek6ze6M4qfZdubpXD7P9WpqJMf	,4
,	eoseouldotio,EOS55csjge6LNnLxECFTtTpCU6Z7chi3h47G8vyzPBjAKdvYmHagK	,4
,	eoscybexiobp,EOS5dN7CQRh98Ecx4mZNgq9DWLFJALPGmaFuuG3MYCRrVfUmDTV45	,4
,	eosphereiobp,EOS8RdFiPpqKyjcPJEpQ1pREhEjHjKNamkCQzB85NTe8n6LMeHK5w	,4
,	eosdublinwow,EOS79fbdzcRyRFvLDwkHghw3PgQJFN1Jahbt8mbbCCo3rKWUofwQQ	,4
,	eoshenzhenio,EOS7ZoxuwJndgYgcHSi2f4n1cddVhPSZCcXWzkLdh4CdBATni1QHA	,4
,	acroeos12345,EOS65nkiXUMw8B2foB8t4sB316MF5oUT53mmq1PkhmuDiHEGfE5AL	,4
,	qxeosqxeosbp,EOS6BSNQfe3t1Q13L4kVfWipzjvYa9aHQLhLyg1UzxNZLiGKVwKMu	,4
,	eosnodeonebp,EOS4vMYpGTJ56KLxf4wCTy6imBzCm9gXLuLqNHmtHpvXKXBof3xGo	,4
,	blockmatrix1,EOS7q4NqLeFCockxvSNXwQnrZ9mhrcxMi3jCuSg8vQEDqFC1ETLko	,4
,	sheleaders21,EOS8GBQs1SPekfZCC99WxoEzt8fCUaHcdoJanYrNkbZFTF6e4HkWw	,4
,	eosmotioneos,EOS8jRqBmMKGxNoLV9YBZpXVXZSaZ5G5gMLzn3buotLqpQ8q4MP6b	,4
,	eosvenezuela,EOS7N7PBP77Ck2fuZuTd14J8Nf8vBgAvdkPxUn7w8Z6GVvhpx8eZi	,4
,	moreisfuture,EOS84X2TyS99CAfT7jewGSXP7zsDM67XFXjsudKs58Lsynb5fAfMp	,4
,	eossv12eossv,EOS8JK7FGGwdvKeQYwndaCd9k32qJDiwebNd82utZKVaUaZwRcn2t	,4
,	eoschaintech,EOS7emkYSf4WnXcyEQf635uzC7paCGcjX8vUdAQZ1V7jNn82LKHZK	,4
,	jrrcryptoeos,EOS68qRDRYQMBuNsoDTRud6GiSBR6U3w4rGGap4ftRgP1n5nqizTp	,4
,	eoslambdacom,EOS6vD4ZzWzTs9FtEsf6Sgg1x17SzuxuAnvTRSFJhHwfQfciyeiAr	,4
,	eosflareiobp,EOS8888M1GvkshvAYZeRhKP8ss5eKxaaGNQTNTEMyNmC9nnBvXDJ2	,4
,	eosnairobike,EOS54UAELQVaMrc1y98W7KsfLbBchvsQg7FCEYpoiQLi5y1Gvyqcy	,4
,	geosoneforbp,EOS6EBmpwpHH9gtPiMh5w8aS259k64mdEKDDDybmbDHMKtm73cGiG	,4
,	eosukblocpro,EOS7p1wu33D9v8gg7cZ823bBWBokiM1jTHm2TbcmdbDA4TNyQaxEn	,4
,	eosunion1111,EOS5V3C1mUqN4TKruPSoTLyqdoFRJsDmsiUWjhXthVXCbJsHdBuqm	,4
,	eoscandyone1,EOS8SZrDZ6s1H9wrJrzeUqqm4QFXFgUZ9515osJsAbsgth4RknaeP	,4
,	eoswinwinwin,EOS5oPnhMKL6bBCWn5CFqDBrd3Wnhezeny4pctwyeXBXWwv2hASmQ	,4
,	eosmetaliobp,EOS6WzpCeG16Qa8n9UvxE5FVbUZKPUXPSdgUnAHeM17cPPKzAhyf6	,4
,	eosonoeosono,EOS5AHfFwaJxjMPkrufw4aCTFvJJUVgpwqwvghhYrFahik7oxaXah	,4
,	eosiodetroit,EOS54fSekqnahKJzJKDvChuqW4iGpehQGj9ZXp8fb3ucmG7wRVqsX	,4
,	costaricaeos,EOS7U8ABGR1RwojWxgcudJBhG9BEwprMcB6CLyN9Zxi3RKuE6jcZK	,4
,	blockgenicbp,EOS8JmaUHB4PgsYeZT9Cvvy8GwW6AV3T3KgUp2us1LEEAWQkpYbY2	,4
,	eosmesodotio,EOS6bHs4fzUoHc9UZnnCHx8Z1TBYrBpvEMYubyW5b8spBWQJMkybn	,4
,	eosvibesbloc,EOS5W2JwJNsU32z3jhBQA5n7Y3iPDJLpnYsQjqtqfWYYwC78FF4eA	,4
,	eosafricaone,EOS5i8e9PK1BbZWw47Ta694hSMJz1PuoTJuc4zgFU4jGNzttbc4De	,4
,	eosmedinodes,EOS8A9cAMw29gr23Wk7FkmPZA1DAhdwFfpiNrKSWrgFn5y6CderFD	,4
,	eoswenzhoubp,EOS5x2ir2UTrDZxbyHbDw5amTxC7wngXs5SSxQVNXX5ztH9hKGDeq	,4
,	keoskorea111,EOS51nK2u8JTuZEqBczHkFujoQZQ9Sw2johEHBYdxRgWqqtPaHeTM	,4
,	eosbarcelona,EOS7mJMjmgGNzRgV2zgbBXtTQDCZMySapBohtjoiPa2GbSitM8SfB	,4
,	philippinebp,EOS72bW4vnonSHoMCjTRk79Kts8CYzDvsb9nTv2y2Lv5XtAPbXSMR	,4
,	bitspacenode,EOS7QyHRrinnxzeyM7UQwuGwVHnj31JDY8bghP3dtgGdfYhaLrn9v	,4
,	eosvietnambp,EOS63hspCn9aFXH7gcavLT6wpQtL1viJV1vgY4n1MkJi7itgH94Qo	,4
,	eosecoeoseco,EOS83i4Ka1LjJKqy4ubuam39b2bXWAb4gmQvMPQZCxRMVAtF37QwC	,4
,	eosadddddddd,EOS854q8pzXyCr1TnmzwzLG2gPmodJiq4xbetwrKWYzTQz158bnkD	,4
,	hexlantttttt,EOS83xBpEBigshibgFNjbX3jqHZNDzcnJJrGZaq2ioYTjpGEfckXf	,4
,	bpacbpacbpac,EOS5EnVf9ZDNeh9ZyHGrVB8ZYPmSFjcN5Ahe7ujRDqKPNwKcB5yx5	,4
,	eosholdings1,EOS6RW3DfdLvpzKiz3fcwRwHCiPzB5qGLGecS9qE67WxVbF5otnaW	,4
,	bpkhmereoskh,EOS7xBvr6RTPTUkeRx2i9XdeLhZCy13CkKdDTstywVQKNnC9yxkuN	,4
,	eosgermanybp,EOS4uQw2o262hYAenYUpcejp2mc6BapWWG4MnfLTzgWQkaafbgxpq	,4
,	eosmiamidade,EOS5iWcuhcEaXbU7zmqHs82GjDjfH9V9XgqhikeDxJF98Lv5x9R6W	,4
,	eosthushuimu,EOS8GpuoTDb6jYWcpX1LSiFyuEQvFEj4hXKosNUMQFv7WL3Jh6sCj	,4
,	dposclubprod,EOS7QWJtdqt4tuUThzVjy324rTx96q2g2AqkoszBAvjvxk1Nx1bjv	,4
,	dutcheosxxxx,EOS7iTRsbvAs9BN4krPGKmevPGGBakrAbGZzwsPpb4TNKbZucoHHi	,4
,	eossocalprod,EOS56HxuhHuKiZB2QybkM8V3GizzEaFLRmwRffxe2jVZiMfczCMxQ	,4
,	eosgamesboot,EOS5MRfkCkbArU9wT2LzpRMQ64wg7MoaqpmthbLy8pqmJcYht32Qf	,4
,	eoslawyereos,EOS78J1hRNUKTzdGHUE8zLRVTSQLC8qfPKQLfF9iEeNRPZxWMJwvx	,4
,	saltblockeos,EOS74hY6CxYxQiUAeoZKLGTkJ7TX1zasfG9rzy6sqPkULi8LF4YmS	,4
,	eoswancloud1,EOS4xNy8DR2hqUKo6dz1ZSJmBZWJgwHkXgbC5aNPNkML8uhrAFvRA	,4
,	onechaindapp,EOS68hRfmjQTwJmmoPrKA4gYWvdvhUm31PNXCnaez2rY3ZDP83heR	,4
,	eosarabianet,EOS6fmasHo7bHrGFTMQhUKRXrw9JU7DCxQX4pwWRb1mmTrAA6s94j	,4
,	eostark11111,EOS8gC9ySrYrP3arewzCp4JQAwb8om7vzttBzzdh9CtkmEDFxZP4h	,4
,	eosjapanclub,EOS5TZcyF4sK5DEfu1gj4uN818hv5P4DNvnxvTheCTsEFieAAX78a	,4
,	bp2bp2bp2bp2,EOS7wa3365gYP7zeHoRciV7mwgsJ2sX3evmKPFhg5E3yDthkhFJ1Y	,4
,	1eostheworld,EOS5KvirjKyQsXkDU4Ba1TEwN6VJLsCKowyFuHxwpEosdbjsjX3D7	,4
,	franceosysbp,EOS6SNycMVbKGH6RcNJigoznJ1AGAas34Y5zpyFmTgYbMAwPnSDWT	,4
,	eosvancouver,EOS6xWtr7qGWzAXa4MgcrfBL9wXnJPjicRdgaYHW5QuZQCyMRGZEZ	,4
,	eossandiego1,EOS5uvviewoQV5z1afft5Pk11GYa7W16EgFNnvEDo5Ayr3TBmznaN	,4
,	eospaygatebp,EOS61MMRqiYj5Y2F6GYzHFWb2FVwdCMeFpZf8rLA3eDRosSnK4nNN	,4
,	okcapitalbp1,EOS589tCchPXBH5RPuegMpP4boDvWc7pLLUmVXWDtXmB6cfmU6ReR	,4
,	eoslovebirds,EOS6xHefVQM7PtegTfYgo7RBEbpYcNxuCihrmAKioUhhveXdiDKJi	,4
,	eoswtzeoswtz,EOS7temBEsAoxRtUNsy7M6XmZMDuxwKvg8EuBYZ9CMfnaiGDUyHwZ	,4
,	eosgreeniobp,EOS5HhTsRtQ6DuBYSLQYreuxpqNzzhqkUYH7FTj4LFf55h15a6Mcv	,4
,	emergepoland,EOS6q7cb72sZuU71cXHTNtkDaexQUKX8NXeotZY13QH9okH1tzDwH	,4
,	eosamericas2,EOS76jasQrUqZ56mkmERw9mZy6UfXcJ8oX5m3FYsHLcJbkhqkKDD7	,4
,	ha4daobxg4ge,EOS5ewbBCj3ZrAy5yJnCqBM6Y6X9nCLzJ4DR8rphbqMhapeT3S5eJ	,4
,	eosrealbpcsg,EOS57XJD3BFWixsqSAVC9mSseK5Ey827haDu7Ph8EpuFmLGhGaEjK	,4
,	eosteaeostea,EOS5B7V5TxdZPNiBeDUJSdoovg4Unp3CCbUy4KDiuWJXEWcctXLZN	,4
,	eoscube11111,EOS5qKVxdPRAH7aXbH6icEmjBQYJzDn1MV5fPohUyu9wDcfADhmJS	,4
,	blockpro1eos,EOS5PkhhJ1FxtWeP9xQD4QpEFf46zCbrKbzTsmrqCfzCkxcBWyMck	,4
,	stakedstaked,EOS8ERhTcC2hhLrjP7eJU5hZuPLZ1UT9AGC7m39HnVQFGtbmNc1UN	,4
,	blockchained,EOS77JKcNpNAKT5WSWePhJ2fyZTBuqF1WpiCm3YiUVMv7WTvxT7kC	,4
,	eosrussiacom,EOS5ph2U56qqMfT5TLPyf3PinfCJQ3w2iTV1KjmSnbEV2Yisn21dD	,4
,	123singapore,EOS5mbaA6322tn6fdug7NfCu8XRSnCExzjZk18rTw32MEJjahju5V	,4
,	itokenpocket,EOS8BYCigFER1XBbMqD3GjVVF5B3BmB1E1nkjJJTxPX4tmdS3YwMR	,4
,	buildteameos,EOS8kRNso87obUB4YtP2G9D8KpZFn1hUFAgraJeJD3TjHWSEfXVcj	,4
,	eosromania22,EOS7ZFPWBBtZLyicPmrvdjcMdwJ4XB2RvEL7TNv7xVEmiGHh2zK9Y	,4
,	eosgalaxybp1,EOS5EmMynemBu8MuzyQKcFCM2pHgyaLfcvNi9aUzQxS2Xr1mr69cU	,4
,	eosimperabpi,EOS7MSVEZkq8YBqvd2ez2zCARAcKch2q8uo6LdGczC5pWASAKy2s9	,4
,	privexinceos,EOS6T8ZDGeNH7YuWSScFwdWeQqjHiSne782T2eBSabmtWqsK7H9ph	,4
,	eosnigeriago,EOS8jakrpvyuCEaSeoH8u7hrf8nMGygF7sQUqL6y8e953DWKL7pG1	,4
,	bpeosindexio,EOS6ytkNkuDtnYSX9STCRhvmDTGBxtkkBpZPoSfYX8atKyzjKuex4	,4
,	eosnetworkio,EOS8YiVPpJBFrWXDMx2HF8bZJjdUquE75FbLQq88ycKK7KM5pAyHa	,4
,	eoswebnetbp1,EOS5sT6mdCkTBLZM8vZnwqmBpA6gjtbdSTEeGL2k26JQFnjaCg6j2	,4
,	chainriftxxx,EOS7RQ6fJTDzZTSoL6tmzXwfs9FLZTUPWDe6pNAhqqWHvcAxG7qdN	,4
,	eossixparkbp,EOS7ytSNpm4inWsxhTMpRkUVR6KkJU4En3ZYp5kZy9taggHDRjYu8	,4
,	swedencornet,EOS5np4D2tPgvmtmYmV5uFZ5oa5EYtvhVHbbvfMVLkPXv2tPbDQ3S	,4
,	eospalliumss,EOS62ThFzb79uGUSedeE2rCLucFAKBoEEmfNyhfd7Y8Qcr9EvCYny	,4
,	eoszonrussia,EOS64bByNgmGZrPHzVLqMZteuc4mDkpByY3RukopFhf5ZKKk8eJM7	,4
,	eos121wallet,EOS7nkhrYS9ThFba6Bq48KW9NcqKZN3okbWcYURuXJNRugg5W8rNN	,4
,	eosmoonorgbp,EOS5YAzQHLKs5m8Hk2hFV8cG4d8z6f1E2UpPiYycf5htQ3ZWncmR8	,4
,	germaneostop,EOS6VUA7ptimFFtDVQsemYxfLUGeajZ4GUSp1eHGdfJkFPYhdaDot	,4
,	blockgenesys,EOS6aMKdnSxf9wCpCa9iXC2kFubnyyczQNAZpqM3wqJR2U7wAfFzi	,4
,	eoswondersbp,EOS4z9o4QwjJyAaeQHL9a26gveDBYf9jgoydkoTVtEVLXqid4UJgZ	,4
