ETH_KEY, account_name               PubKey                                                Balance                                                   
,       blindblocart,              EOS7SuVP2Us3fRxKMYmrR6NzgRa4wm5QWEE3F8V9d6LpzPjGEGFKh , 4,      
,       infinitybloc,              EOS8QU9ZdAeytzFozo3He1skbrZoZ6ig2EkLV7zR7ohMhfD5nJJSP , 4,    
,       goodblocktls,              EOS7GbbU4Kg5Yyi1aRFqHiCHRKAJ7ABSf1oHHzfcHuMGCwgJA1qWC , 4,
,       kainosblkpro,              EOS7C3dDyHXbioLEyC27aB6f4TPdNfxFvLQYn3qQWPSSDuk9hX5j2 , 4,
,       caleosblocks,              EOS6Bj319bz279z7svm219K3sGMSyupYTxSHS4twhQuys5LUez798 , 4,
,       bigironbptex,               , 4,
,       tlsvenezuela,              EOS5aUWhCtg7y8MqNx4FkTsFcubDEoy5DZi6u1afyeZHCVene2i95 , 4,
,       octagontelos,              EOS7tT6VTM66ZjZQGT48bWgLU1k5WEUtLR2a9saQCy7CHxbd4Xw9g , 4,       
,       telosdacnode,              EOS7umWfL6PF8tSMSj8qSCLjxEs9BAUvz4FrXRBpFL4kq6pW3vuN9 , 4,
,       swedencornet,              EOS5F71pqtgGV3dVVLFmyDKnXLkPGZHuMHEA8XT1P8YrrZfYaSwKQ , 4,
,       eosbarcelona,              EOS7mfFwcgBWMVnM4ZpMP23C4J4soSFv18GUNCdWtve3mLGAsiTYt , 4,
,       tlsvancouver,              EOS6WxRm9GqQvLveHX9NKmsuxhxtQCA7kZLYndXHhaPbkCGqCq7xU , 4,
,       telosnewyork,              EOS7uh28mPLSuLsaA9eyNoiLNwky4KDU7sxwfCg9NZcsPhdKxBB2f , 4,      
,       telosmadrid1 ,             EOS8R844B7dJ9pQKA9Pnn6Qdc3CvPDRooahNbuEnJtakCVsQptQav , 4,
,       telosmiamibp,              EOS5XLH6TiPWtoAcBrT4B7Mx8WFKvTV4zWSz4aFP7r2vxvRPdCgR6 , 4,
,       eosawakeiobp,              EOS53VxbntqQSMVgo3XSbfZMCfCknNyc1zv8DCdbfVTrPHuVDgn4v , 4, 
,       telosvoyager,              EOS5NQpBL8xMHpNnXPoV7t4n2CW6BXkxkbfzr1unnzhC48rBKkQFA , 4,
,       amplifiedtls,              EOS8cmtL2wvATuQ8YEsBkFcR5Dy5QsLEqqC4L9pF1xv7WUR8NnjZ5 , 4,
,       eosmetaliobp,              EOS7REVGqjfQbSMswHN6p9YQb1KfDk9bqAsv4Jd6vQaMfzD9Lhkhp , 4,
,       telosfinexbp,               ,   4,
,       telasiachina,              EOS5Dpj5XmKpyQswNSyTZEgGuUFS2rVabagBAbGJCnKmC3ECinbCX , 4,
,       bpeosindexio,               , 4,
,       tlosimperabp,              EOS8N8Zio2nHf5gsy9dRmyv3goV6G2c9Kb3vQY8tuCbTohjr6sUVZ , 4,
,       beyondbtctls,              EOS5Tgc4WAFy1Kd8NzV7okT64cWK3iFFpgLxuAD27Xg1y84Pqqe3b , 4,
,       eosiodetroit,              EOS7yMMjccqebUtxom868jibB84v3Rpq5qP6odNdr3NccF1AaFGtJ , 4,
,       southafricas,               , 4,
,       eossandiego1,               , 4,
,       telosarabia1,               , 4,
,       telosflorida,               , 4,
,       telosinspace,               , 4,
,       telgoingos13,              EOS8BqQfS1zDTLtZAdoGFb6dmE7vviUzxxNhGU4xghuWgjVr6ht23 , 4,
,       telosuknodes,               , 4,
,       telosunlimit,              EOS6fXHXHbLwbR4xUpxM7UbtoABoq11ixYbiMrWbmxkH9aedfAHMh , 4,
,       teloscantons,              EOS6m5RV7A9uRDUBqkygCyug99BFB6tJvAX7XA8zdsKxJ72iCzeKF , 4,
,       telosintasia,               , 4,
,       cryptosuviio,              EOS6y9nxKKd2exs5CkVr7Q7SGGWaFzbZWorV2abyZf7iTFgVDWRTB , 4,
,       telosgreenbp,              EOS5juwqk6JZN7EfZeNFohr9Yhjx5w4YrRVAJ3dq2kdftkyAQvGoW , 4,       
,       eosoup2pnode,               , 4,
,       happyholders,               , 4,
,       21zephyr1111,              EOS7LXcaj6U5a59U4YF7qGp3TSUZ2Q3DJ3ALQGgan57MhXELYbqTs  , 4,
,       tlosmatrix24,               , 4,
,       droneeenergy,               , 4,
,       telosamerica,               , 4,
,       telosglobal1,              EOS8JQyD8DzRNVfsQ4LXD76vdrT1tmFTF2tgkuZdEtebrMSYJvPci  , 4,     
,       telossuperbp,              EOS6sXa9QCdo67qfFNoAVPyGdTkRMkJy1buCGFF8gGXqGV1nqYWPn  , 4,
,       votedutcheos,               , 4,
,       csxcommunity,              EOS6dQynczPZfyhnaCFgTqNQ6ZA9BRWvDLeqCiL2YH1CWWhAo6fR6  , 4,
,       theteloscope,              EOS8bhv4oWEnQ7u42fK8ScZxFtBCswZUAxxyqapnugu5xa4VTDo9E  , 4,
