ETH Key,TLOS Key,,Notes
0x39Cad0ed1227041520f7EaC6259E40e4E4AD7D8f,EOS66aSkefpkNpE2YMVpLjgU5ssQfo14gGWjRfCDLHJAwZzuu3S24
0xba5997a4bb3f2c4d7e415ffcb9678744528234e4,EOS8TfQkyAX6q5RYqpyERwDpzYn1Mz81x9GcTg9QJDTHS8iqjiXsv
0x7f9562cf7e4247dcecf8791d20d9e3f0a1cf6d4c,EOS7KL83kjUgjuWYTuMrgqeyiRJo2Z6ESah2Nz7FDe9Bv4uzeXbrF
0x8a552c7277907dBeA21aD1dbfefDAE2070Dac33D,EOS6xWa4kY77r3CXFtKLQVQwhxdBEDiMJxrtcBEcvxGwspzNJhRrL
0x2DA6b3cb1Af7C665702145eAB162BccF56f56871,EOS6GR4isHFQ2jinW8QtmpGRFMMPXRTXDdePV3Tr4v5pXwymb2s1C
0x652c857a66c12Bf71c0d0265c5269018d5985186,EOS8GXBtnB7PtzWLovcL38Cv9HrbM5W8sJxmdAF1gdkmKacrDNfXV
0x2550032Ef3F822c693277577d2654e7151a0Cd41,EOS8cXFk8u3e8Qc2NXjipcPJAkGFS4wHhBAfRvLddA6MGrUgiTXYb
0xFc310Cc73cF44b570209810929AC619d64A68BD5,EOS6SZnxeU6kAEYeRuYhuVLLXSKeoWkAhUTc7VNWPuZ3eZb4HEdfZ
0x5D5Bf77150305bCb74FBcA2750ea5Ec2d7f2321e,EOS7oYjiAiDS99mTxDT9tozknfvdMQRE6URKa3NJNZmoBpMvzpE4o
0xe21181e07136E6B99992184f3971b18a9cd3D029,EOS7ppRX6aLorrWwWeKoBai1pcxM49estZgGiqXWziXCWPribwG2D
0xca0c3b420f914866769c6fed70881cf0534d5a88,EOS7YQynLte9cy5oAGYZ5PQyZcddXojzJM9BQEhDWikqPv15yNPgB
0xEDA7f9bb20783C1dC1f88EBfA81EAFab1Df9acf5,EOS8L3CZv5ue4bhYbxhntNNX5yoQe3PgL46kAydAkd8NQMubcRmaj
0x1D5dEDedB9D78844105286d84fd022c188c45C88,EOS5AGzT52CwYFUqerkbxNSZmnctNh1ZHZbstENCnmGRvy1x83hL1
0x7B69a965dBBB8eE327054A7e5bD8c88946b2c3d9,EOS6AeMbwEinT3sao2yATzwGecrxwKoDewfjn98oXojFKPRay6Uv6
0xcaeee5e72179e5fc42951b219a088b911ade9e39,EOS8UtiSjq7GAYY54y1nPnoja6v49KdAJ7ByF1XcGJbJPoCcak96p
0xe76df14a922690413cb147b8a7d9bfacfa3ea0d7,EOS7nWTFTww91FQuYQiPRkyJrYBowCHsG4BHoaG4Am7rgFu9RXpAa
0x997d7d676b2182f08c3eBF256c471eDa45CEBe5d,EOS69BbXwZQ7PuDHjXNMv1jjQ7s4VtDRrwQHXqYJ4yxhCMFsHc3UC
0x2987af1D1F54c9A270140520eaDB6Cf15d8c060b,EOS77Xy5ngb48U8958b968ZAM21zz3YNtW3H64oTbUoWqKLQsAxiH
0x865B5EB0cE3597156d6fA06dBAee0FD1b60980Ec,EOS6m5cHRZy7SWLf7LrGygFrnoEVkRTL9CCaqGxz8qZ4Pqv9jtVDT
0x64F483c939dbeA1c52b5fE0De559D59dC0E45deb,EOS5VTyEpXBr9B56jiCjKgiPEgh6rhKCQgHGaaMnurPsaEab6rx3C
0xb79fe173b510f28576fd740ce2c4f435253c26c9,EOS7EXbMQNUZ8sNARJAam9SYGF75V1hZLnq17dxcdopoeAcPtsaie
0xc8A2d2f36bc407c71F4e9C425b07Ce796a903864,EOS82Sy5ZLFtgn6rXL9BrxCGxG7is7agLC3nSZKCQjAL2NJNHNkYt
0xA8fc64ed3283cE1b63F17950Ac2050a927b21729,EOS6zbM2AHeWUf3QncSnR4mrMSPeefQjiJ9yE1oryUWR5dcfTyBGe
0x19Cf52F9f4722eFae1be4c32396ba818b2C3021D,EOS6kkKjZRaEBSAqX6poR1N95PBVrGtMZyRVjLnxzYQqpU14uMMUa
0x38585A497e7CBD970128991D1BC6CfaB0CdE539b,EOS7PWDCrMonSVJCtcKKjSHjt3Ym1X4hrFt1cvKQenDjvqPwA61pT
0xdaa619c952d7d05463c1df89011a6ffee1a82ad4,EOS58CoBYeExeiaiVbQJWuFuoHS8dTpMhkqvDVJrbFWT4T9zcyETH
0x567634382fd432604ec5406c4e89741561c68f16,EOS8NfFwUPUU5Qeyenzuy6NmAYoFbN2rK5bqMBqKpwYTJY9C9nKer
0x32981aa380AbFE2Fb0FC365C0582389603BC5678,EOS8NJW3pZuGLz3yuuv45b1od1KP15efttAJsgHNfdmvHVEgxyyz7
0x91873063585795Bd90BF9FdB1b36b300dBF5f3Ac,EOS5qTvTy79PvJYYLvsFdLGmZtKkqs4YqKNnj3iGU1KFmbWpKufxu
0x065af5c60b2a3c3faeb8441b325a1c196641aef2,EOS4wKqRJMv6QJbLqu3snHj1MRkvJZonnMu4KSFJdzfWHf49Jeynx
0x62026AD9F4327894Eb70e64F5aA6558c694BABaE,EOS7Uny9vsNiUpPKc1Lr94VtcETRe8JxZmKsTxwnTU8qcrWytobzb
0x890988C89EedF62B35886552c0c3c125033AdD2b,EOS683sYXhvBNDLecVxfLeBVmDu1nNf52yzFZm1NrimoeBsGjFFCf
0x166406f8a41716fcb153598e40703cdce6435ab0,EOS6WuyiysTLTpErwGkahdrMYjG35b8tGN21oYpsjSXaF7g8hedjP
0x4E64E39a92CB880f0f72BC9f6A646da57c1FF2dD,EOS5ZY65d9SaAEG8WLmtV8evYM4wHkRujxD58Ae2gUzea1gzHrALC
0x1d4F5005a7af3Ef1bc06B04076D52a127E01f9ff,EOS6gitK9L8yzr8Poy9T7eMPs6ZFXGVrSSJ2mtkvxjFVSHi6D5Ryv
0xecdaeee4f65825968be296a52022b45baa44da21,EOS7NxywGKj5MDcYBwQ1rqHAEgTHC8BH45VoHdDwtG6mFb2awYApq
0x96B2F6BB5E81a6378fFFC8ba90D9322f58a4Cc36,EOS8L4nDToyJod1MXsbn9tkK4oA5cDoKm7BrNW5pmPYxfRFHJ8YYw
0x9cE637eb23A40d7898A1E65594e920a17fD92F45,EOS6MCe722fXP9qthRyv8uwjSjvweYar2gdVbytkHTvAZmUqvppot
0x2485410a47d429bf04B2de94Fb3413d23904aEd6,EOS8GcLoegj4uj1zRmsaHzQHZC1NfQSY6Ewfnanj66VX5rnTLvczt
0x966AB250776ad21B1395AF2730901c9aaF063f9D,EOS5vrGXPFHoeWMtfRqf4dxCSnzBnUiynfnF3FJhAMheAyduFNEN4
0x6029aBb53b666a0cB4e71f9560aD197Cb7D00c24,EOS6fvHgsD5mkMsci6dDL3vH4nXE39XVR3HiARAou8rHU9xmiRonF
0x47440171c78E048AbBc7ce35661CCa8645220d16,EOS7Hrx4xPux3CVWeXGyn641PPnVQbeRjHFQ755gviACbkQYibUtt
0x305e2407EC0CaE5aC666A45A64C69B5c1B25B3b5,EOS6ttsUppSqoZwMKYtxxZnQzAqyTs8uuy2UfA3F2YEh6yw7y4w7J
0xb48e34127F0088B515260C8af6233fCBC707BF2C,EOS8cprcRAnXJuDoNF9qzjMA9Wia8AWNc4tmwU5n26QmzAHvU3BsG
0x05C069730039ee2700d25c4b224fCa055192A495,EOS5egtfKAkdv4pjSFXaBfvd8pHZLHgP4UPjGjhpJmV22F8U67dp7
0x7AB524Ec0e5Adc0745631f5a1fAc9C4fA1B81794,EOS8fwsyBrrdSozJGs4NpvdodAAtk8aYbbPfL1GBhPa9DqDZadESs
0xB42B91F076A9886f3CbF8F1245A8F691D52D7E92,EOS7M7CddkCr1SUVsce3Pt8vengKANJeyTzgdsCSMun7z7W2cyFrv
0x91Fb08F91004e8990065C55DFcF72dA92B95d6Cf,EOS6MkeEGgPUkXZnxs54Fepc5RBz3rCYyyva5FuHEyJXhr8tqp1kt
0x9759Ab21a1D72b3061a1108Cb8826Ce3C8A37f2D,EOS5oZqH5NfZXn9G7teiZpw9fK46EZMQMKCifNXbxX49jEykUzKrb
0x7a6C9504fBf8ec4a2E72b7481Bf8821bbdCbB7a3,EOS8Xb1YftShB3FZ3AaCMyQ41e2YjZsfd98cae9fe63JgYRNj9ySU
0x19364446422D7Cb4E61E971f6Dc93Bb28C63570c,EOS5wEF7TYsQwse4XU6r8HS1yhbZbKgLSUj7tkDfRiRkUQrvKpmBF
0x1E2A652032624272cB2028aEc781A08f943aF370,EOS6EhtPRXXRN36KUEG7ajt3ehSqohu1Q44o1H5fG1J5LZSSLN84A
0x11dDce8ccD650666b6958a31509e99bBbC5AfA1d,EOS5iGjTTETPvntTaNUrmW2q5XBbN8htap9pTXZ2ZLRBq8DP5kyHs
0xa7788bb5f5d93b60311949066383f2ac20b6b2b6,EOS7uyUnJXM39gR2JVKCk6wJz92DZatrXXqPsY6d5LRSUNKBXRJ6e
0x83793baf85b4ca83ec4bbe906035d6851aea5699,EOS4wXuBXiuqY87jtW3eVG1jomZPS1MJsKSZBsoaSrJCBvH5MA334
0x04e3E6461a351655DF2223A0341cB9D0501F6AA8,EOS7q1cwRXhGLpbfkzjnM8AihZbg2MgwxtFfZqvzWzt2QSYYbnmWU
0x5311a47E0da4C47E15f97fEeb2Ab9c5A46c72DDA,EOS6Bs7LwSN5tDjixcA1kYpMga1jgsURCospSbv7BzUHRCPYBU46y
0x161e99d4b65287fc82bb37b584aadec5a3afc9b1,EOS6L72AX27RtDCoQJ848Xpfy24M8eae3LJeZpQYJzQE6gi56WhYV
0x08aad8B7671124b7de7339a9773fed664c6c2862,EOS8Nhg19nQuvrCoyvyEC19J5rZ1XdeRwMrJcCWfPmqPxJb8rkd6K
0x5b0328f573aCC85EbCD0fCDCd4A4dDed10ceCa08,EOS8KJfCk11pQz9zzuYADLT6YMviSEue43gqKNEcHBcSywMYCYt3T
0xdF8a25DAE21E573C3C9fE017B5ff0A588af1eaD8,EOS7c7rsf7jiKtrDmEuNFBAH88hP6Nib6fTQyEXDJzqgNCdYmtPb5
0x873C407747742c90F578FB659fb49219f76f3759,EOS7SMyF2E3wPrpRdMbxjkjEajC5YxUNop9sDMX6SxSLSSJZhPfin
0x36eFd92c539987e4F5f6800Ab2A5F636b53BAa66,EOS62SHVKkRNt53QH1HUmCQyVzFa3FkFpgqE6EnyYeXvWaHZL53RE
0x5fba63696a1cc5dacc7e6cc300267aef9617a7d3,EOS7sRxoUu7mHHyzDtvcC1AKhR8XRbrzgmpxrPjktFZgmb3yvCdUD
0x63e567ce64c9a63cc8eb2f87b1bca00baddc6a00,EOS6zTX1AnHTa9rnBfuzXEPkhYPWGsMZ2ns2gJKu5QSwM3WaBZjNp
0xd0890C76b404Fa14C87314858ECEa86453B0023D,EOS6LquxeDR6pr4Fok4NSsJa3HXyfrNbXwEXD2ramfaVsPAxxZjHH
0x892EC5dA2e5607F5F2bc7DAca9Bf1B915dE90A19,EOS8YNALggTT8mLjJmasfWf6tevFzpqPtDm81BicYP36suNQuyYzp
0x3De688B3C0b171cd53462CAdB2437CB9DdE854De,EOS8mvA1jFuFpXxYgTxWpWZMPFgMDkzeY1btBjC7ifb6B3ws6VPLs
0x39Db730Fd12F3b8e37801129974210710dDFD47c,EOS4wDQMfJ6afurWQ7wzmqcRdRmYoruD7dYrbVtTkyT3qzce8yftq
0x5Cb55830a6eeDdFf51f56641594aaC1A8f26d13d,EOS66gG5CwVNuH6q9PZ3xR1CCNDHcThhYaucq2Ftja9ZxqY1Tcwjv
0x326e2D2e09205d04730dB166A23496679340Ce67,EOS7ULx3M736SZ5P9frjp1ST1JN92WCBZCKFERU5uNERxTfLDTURr
0x254D84D7E49C9D442Ea90Fc913dB14C03d4DC884,EOS7cAVyuwi3fovEoc8TqSTgD11EHDYdoLo79cirtofKAynCPY19v
0x68Ff5cb91cb6f1A294171A5445C905AD6BeCC2D5,EOS7GMK3wqjmWx7Lmy1CqypdcUTMb4EqnDT7qb9wdur7hvFgs4JER
0x690DB7737ce072C30C08e302534b8E9474b09e4f,EOS6jvSaEhrNYu9XrDNhJawSMUBxYG2DRs7rMLF7CeMM5B7iL9AFp
0xb2db4f0e407f0a8c2544cfaf09b1cc4edcd3856d,EOS4xoEVb2LdjiG1aNgkq3adzdDiezg5aT4ZtqCH8Z8qiJAvzZKMh
0x7C75e169375B35f15F53B9fd79ae2F1978b36775,EOS8CBQBFFnGfFhpKaFvE9yJtR8rZw38bK6ZEtb7wFBywn9tgcdLr
0xBB95203613D8A8dAB14cba32f8a18BC09c7af6ed,EOS7DoF6nvShsWqv7ih7epgiqxd1qTqkbsypLq9PESLi1xkLdKsyg
0x8d0e85246f34169897edb173747c25f2215ce558,EOS8ExaBZ7jenfQuNBKWjiPupQ3ofzyYmh93kKE3nR2awuTAJU7qA
0x1921D62603233372d018a7910D9601a29C3FD830,EOS5dsnM1xCgLZwA8nYZJdwSBfqLKFnQVbumM7VEn4rChranAPUy8
0xc98628DaF8f521E5434a3a8b52909a8817884066,EOS78SugCXHXw7k72E7ccVWoBMNHR1LmriFkR1EHMRp2LzXFWu7RD
0x3CEde9E24257f359261e3Ca04cbfd5A5A22e3754,EOS6gMYMhmpBhD8u4jGHTCxUuWxbcnNWNSbTet7m3tZ1yyWeFxRjX
0xA41c07ED7A23EAcE31a4C5099Bc274C47D6Db1A8,EOS6TezXc7KLZr423kQtVbhCDqMRXizjPvGSqYARQHjyNj6SoWVf7
0x9d25243d6f0479fb8205bd3eeee1d138835e211a,EOS5uEXgSGKVEoUzFTpbkES856kBiaRkTKWLY3UnkBqf9GZjjzLZ9
0xDe3FCC639E02e5669557Eef14D0a7Ca643Ce9E0e,EOS8Ho9i9z8gabzYDvHfMabKyLaY7Eg5XX2TBdo3THwB9R4RRfzbs
0x53486A1249335bC07a77b8Cf6801399E17fc8826,EOS82XuQNVsAbPunvRh6V9QpcZwnFQdDLBoDu7wk1BdKM8F6EN79A
0x5C6C240C59363413BB2b959cAFe278ACbf865bf0,EOS6vrJABFt9hUfWccfdCcEB3U3ZRRQTEoZYY6w4o3sPBHxGrfvrU
0xA665052EB7dB89ecAdbae6666D81d999EEe01fE4,EOS7wrdzpUq67MYzPxbKVRfKVFC5XmSiEhMK6deKaxoXKLnxHH6CY
0x34e1B6221e54e63148567b704E9a1E9d74ECa501,EOS8YSUR1P8PCHhDQxea2ZdUf4fm4s55dMRMfHxsRwLxMV3UWUppZ
0x99055C2f3BF88D7C373aa35831e0d128171A935f,EOS6HcdQfGQAMSp37WHSURbKJgZPvZSrKkjS6sBTikMKRzXtsi5zz
0x2F0A2A4e5Ec80390E91E224fC3af0C2857c2161e,EOS68XicGgJNbCRJB8nptf27yUcWrq28BisDYdP9w2xJb3BhW5hCL
0x1D9FC7F6eC28Fb826096900e5CA85637c827C2e8,EOS5PVkEv2A1H9fSo39Bj455JknbDhRB4vSLPdzwpNhXM9CUnpS8p
0x260188c47b6aa6b249e6ee134a76bb80c7881993,EOS6i1XsADfZffNVaezUhfnKwVhnTXEqcPLDJaGqqsZKmeVF6XFCh
0x28c19140b027EAA4Cc947971B2Ffb9672DBA1393,EOS66C9eyFtJWe9ULEwtFpxMqEaUTdSMcw9AJKts1a2P9e9cz1G8k
0x0800722483577BD7f2e22DD120A9752BC547E781,EOS6eRGuGcxD2C6SnaphFfcmaF5LFeZbCn23KpbYRU2BYBXiJHPEH
0xdb12d67DC8CC803a518Ca41B320BdB8b7caD423C,EOS72ZQr53W7f3xrtjZfkr5Wege1MzLPkAs9H8XjijhhFnXWtM2TN
0x93D26D1b9508e74826FfeA8156eCa90F02Ba14cB,EOS8d1A5GGZyRULmpZscxkFnxUXq2Lt63GFrNhipnBUakGEF1tbCi
0x9f3668f3f76cffc2e2a8a281cbe881d2f6e949d2,EOS7QaYA1SGgEZ28PySFgxBowaG3pDjrpqAJbYvVeV2pJtvxQSnaN
0x33Ecb5d3A877187d4066A31B6F1680F0a0480971,EOS4yDt17EFNS55hbtks4KAVEQ4qNWjQsgt7PS1Z83zk9v3hd36Kh
0xd740aC3A5c18C52ccFe94CEB96e3D62EeC67A8B6,EOS7y4ushzZ1sfqYzRRjLgQ9Xv2ukVwbH9X8pV6Nyx2h69P5kZjUR
0x5544335F50a0Bf6DaE410190be59a696EfB4cB3E,EOS6jei1V4eMkKPXAAHsb86sW6vQZ2urySvstZ9SSQSaXHbfrK1D3
0x306D13B74a6f3669e9E7eE625A9650EC8f104b55,EOS7TN3UhPqc4Tb1bMczn6nVzYZZUptBuYw3mnjeBGCjNF7ULiiAL
0xd33bbbe241c3417c63e32a83c8acf81de8a0e7aa,EOS5P4ghN8nM7onBx8d9qSSkfPVJDpnugWPnoxtdUkKapx1R8Y15A
0xf5800efa54C0ceA7E4A71178eC582B4c8482bee2,EOS7RNWQcLrAj5HNtLXhkU8LETKSSAJzPq6XwXmpx17VUAg17CWfk
0x87006b6aF807D1aE77D6b6E701BeFd48b6AB31f9,EOS4zRKhGXUV2C53pUKjNKMgWq6Po1Bk1pGXDysg8UjTubBb3NoyZ
0x82bc7f7219edc93ba22963530133ed28888669b7,EOS7zYE6Q7fXAyzyv5TWjHhBvHsmxJc2zvDM9sRZ4ayyckLfVAm45
0x78702CbCA23729Deaa922C7B8967735acBf7accE,EOS57ecUNe3hKMVGU8uZfyzVy1NVh3bry7R9jPQowEepEK1bDMQ6W
0xc4aFaa3ee8e0CfD8680eEFFe1A701daAfb6B0e0e,EOS8cYhzYhxCLo7Nwi88kjzm1Z59EL68rTU86FMofjB8B9Xcck3rc
0x194700342e4934240C59c6f3AEEE07d8c62275DA,EOS7TrKz6sZK8CwmkcwREFnzgCReR4oa7UarpvQkJhEGV8idriXBU
0x04996A4a3E227b851166ab2F5227dc1A0E956ad7,EOS8hHc3QgUhZpxEPfMvKTrv6pwUQEHKmTvZ1VswqZZzNFkdGSe59
0xFC90D6Ab3bC6DeF8668518B3051987edEa399C9E,EOS5AuGsYrAySo9C5zy6vHkz5e18q6X174GULgUdgtK2ekxBm6hqF
0x5865EfF2b6d22FC9d36026E8F0e35414714B8E59,EOS4v95Z7PzC4pnwrGvR4jkZnfxYtAfxoSq9ndhi5zSisw3nGgtfM
0xbae599Bb833243f25050a83901FCC92862E2f606,EOS7fCFtQux9YxXNVj7wN1KRLHY9Tsof3qPwYYeU9aSSRbGo7enhS
0x98a16e82B916DeA5d17a4CA11050f1A68C34D071,EOS6SYuEmcWWtTQkRRA5VrD33iH8Hgeakr9nAjGjmF7yQZ3q7kq9q
0xaa76887588e69f9199487AA3448Ea91c679E561f,EOS7Uv3TTfHJ9w6KzZre1pvFwaJKQKyJbXoNitbrw3UMfXL4Kkrpf
0xd060A283f688F811545815C51A01D3C153425E32,EOS71MQuAcAo41MoYc5na41C7NhY4QBPuA4GxQ5hg6F6i3c3ViPSR
0xb69e5b2aB29E5aFe6FbBd09358C073d53966C63b,EOS58GZqQarTB2sQidGG8kUQUM7LQ2ZjTVymAh6uC5AFTSug4oQsz
0x751DFa7A1BE617Df0520adE8f68bbd007C6b6556,EOS63hGu4c6K9UiRN7QDWAcaoxu3HDsabGq5CqzRt8UfPuGHF1quC
0x823430BFE01B1AFff6B97c1a2eC824961047ceC9,EOS6W1zc6Pt5pyUCg3TWoVvwKpUHb5o24iKUkzrNPwSkT4f2xoY2k
0x8a656dd2dc2917eebc1f00d147b1a4a2c22e015b,EOS7Vr97zJZaYT6khxoE39KKYEqS4svMFvt2aT13aCXokgUNn24s1
0x921F1031EaBCE24fcF6d00b5044EBeD79Fbd5bB9,EOS6V8Dvp2KpJGjg52brLE2esWwQgxcaUEBW96By1hkTqEkqyicVh
0x417598665c97e45f302A7D4c77aA481167c51fa7,EOS5LGZ7RUFMdtfPfbszT15TTyhdeSwG6NhFT7ejCyY6hZ87ZtpgX
0x0c5dfd81d17a39818dc6d355db6e6a651141ecac,EOS5sKJ9pECYAdynHXdSQoGmvsGhPEgVMZHLzURPqRBWBkHfEHsQh
0x36f6df42b96dc1b57fed8886b202e09f221b7f11,EOS7KtWkorB76n2nkvdCsLwqsXvB5JTzVY1ye4yfnXZ1RALjEX2xV
0xC67600AA27fF03985051f40A3323EDcE6535050F,EOS7PnbxinrGRSxJAtJ2DYELe9iXqjGNY3xG25z2B2jQsF4oYtoRJ
0xEEc0d0602d113caC81bfa81226459B25Ce02Dd5C,EOS8j961RiTiAE8vLjBjDK4Yn5NkTcPixtunBTKCYy7Zm5h9823rC
0xc9c906247bc18cd48560a132ccaeec029f3bbc95,EOS7y9kmNbShJVBLF7SnyXgnzhkkcwPsSXZjcZS5EUH2FFdJSCYg9
0xE06feBccD6e1065A2768d82A2991f5E5fA83259b,EOS78aMSDsxHELKCuxJTop8XkTKJcTvb7n86sMWa3oEZVBnkQupU5
0x21204b2cbc71269453882525423d37a8d22ec5e0,EOS6sPYufYB5PjCwSU6ctgyosFh6j6r7dvR2PTU3tib4eK6wZY6Lc
0xC01C641C5Da479a116D6390e9DBA54223dE92390,EOS6JBdBktPwkccebBrkkW4ircLMa7MGKitv5v8k1kfuuXmyXGSwG
0x34E523492176840F573a5fD133cBB4c8Ae6695C8,EOS5XvifChVCoqC8AmmEMKB3pNMjiQF2iHQ1XsiWQpL6ZRq3KS6c7
0xeaC8335fF1647b82F424c19176f82956CAdd676f,EOS4uximxPSu4yx9HVR3tB1Q5dcsPoHT7HGn95g1ULf3qVt1yiwdr
0x2f1eE08b51191a15129E1bD5fD6ccB494C6889Cf,EOS6jQxj3ujR95LT5XzVYy5hC6RuyeyKyDpbqrs7vGZTJr6bynGrN
0xB801DF9E889141Bdb8155eeB8faD92DebF0042F3,EOS8EiveXMN1YJhje5PXre9oYkexh2U9Fu9rDc5HCm6ZbkKdqyQHx
0xFb6A19b8038361f4F9446aA1EcB039a01854A01e,EOS5rJq1hYknFUiNnaJwgJwUFxdkMBH3qoKrN6kyNNptoC17oyw14
0xEa17Fb9eb686478345921868C7B22787eFec4f06,EOS5wnAgWiY1hLW1u5bJEKRwuUjaZku4gpFx3dymZErNgpfcCdqnD
0xcaCd5E2b55336916a02873C2d1965CE5f43d8376,EOS7PG9doeAX7dbzBdmaZ9fTKeVYTYDpw1EJkSaeMACRi4UPUj3zv
0x7934bACeA13B3dcC8F723d8e569c3827bc1392F8,EOS8k51GzPbF65hQec8qWzdwvauqbd6Dm3hhfvdPTSM9q7BQBdNeU
0x1ea1bCA533873ac8E165c46602D665DcF1E61e98,EOS8FMW5uJVuCDnFj5inMunBZTP8uqFffbDSyjsCJGuoC8kDezqpG
0xdF953B27573485c14B70913971F6024D43e7B957,EOS8dgSx8qNTYs61K7tNMz5JDg51LW8Cx4AGCFapSXzZ8DomAG1Rb
0x1D32750e8a03443F008236f7C344Fc84821cF690,EOS8WxEHSBm1TdePfxuoJS6T7kZsKM3gPm9f7vLVQXsEdcF7mSwTj
0x30443C9e2d80dCa06dD381b14940D98d230884b9,EOS6uhBTh2fx7dHnqAuvcNuHJYpMbwgduSayW3a92mVbiY7DhV77r
0xc88090A654ec288201957c4a10e9Fc88611a6880,EOS7Hf4ypgN6EyJ7pri9UdPMg6HkofQ77CzwETSVsGcbSFq1LPeer
0x8e461F261aD929eE081708C0a171F613b76Ec6EC,EOS7MPJAGQjYcqRg7GV2gmh7hN6xufFAgDGKXFdoqWhc7PPVowTAX
0x0EDc7CBf7BE19127BcAb7C12f152E262026a2698,EOS7AkJv4yV2D8CUBEWnp9YgkD8DpUSKdgpdhW7FV1SUpRZv5ktxs
0x0b6F02ff66445a26E642EBe3f70C2831c298a86a,EOS5msgkaR6yvMpmZBzgC7JpCGhdhQoUwTZK7m5kNoKXkVLVDg9KM
0x57113C1B590c781B71189080C04015f8fE3758E4,EOS4uoZAWNsb5p4MFD2fDVvBvqZ9ZzLaduyy1mB7eoKAVoUYC2r1Z
0xB9E5d5c0bBaB3654C4f9092EFFB912A74C354330,EOS6GUKLYV1Ekk95va5D528PiCPE3b2BaQ7ETgfSqeDLrGQ8bbS3x
0x54F56F5Fc3359A3DB9871d936D23E0Fd7B7f53Cf,EOS85xniN9V57pGPDhfYn8hhJ2PjLM72yzpL2eyZsjT2EX6w5Mytb
0x3912D645551680Fa000cDa42c73f7629295E6f2E,EOS6hAMTagm5uYP4oJsebQsMTXBYPRbdofzKoMgzre3GFr3W7uyBn
0xeC7C171C52B09C3bcd2F763d509Be7DabBba3d87,EOS6jBjMVAJHQ2FkcuEsftGTMnTP9deoSAf7qAwzdKBSC5WmXXaHr
0x33fc460071dbc7e0bfc140e650e40bb2bf99f26c,EOS8myZ1gMpvnkEdVQPNef2PRFK2YTmdBFAn3VVJnJ94xG8Lmdmqa
0x5a3715b4185EE1BA182185be98Db7236E8838C88,EOS5S8PdTY88Vw2P3ioVCBR9N17cbcfauA7efCcxC2FJmVnaEVTwa
0x2944ce10cf7911b30ae7eed8270d6b987c121fca,EOS5S8PdTY88Vw2P3ioVCBR9N17cbcfauA7efCcxC2FJmVnaEVTwa
0x302b278bb0f508283E4303bc8a40ccc3AF4B4e5b,EOS7zvdGrN7BkZvJmqDbLs112w8XWm8qt6fTtCw83LG4aZbQgizqA
0x9F46BA14f5355ed9698536c0c96278A76f026bd0,EOS6ZaH6o3UzXAfE8TGjaMeig28ZZ8ZgQcgtJ69b5mNwnMpyJBhAh
0x82f778626AEA9f95aAC204BD1c29f92b297b4AD2,EOS5dY4uYtnH1UAmbLjM9SsgspGmWpxdwwanN94y4dX74bqFtgm1s
0x66ce8fe9b4e6142f511286b96ebae13530c8d032,EOS77aAKPHjgFggdno9uM2dByjVtzHwVVC8UjRbnrio1ygxEZk5gS
0x568Cac01529009a804e8f7a390Ca2f96aC3B5a43,EOS7Xdz74eVAhPrjZ2DwK2tixyPR2WDyN2MbN7DtwmZdKA2mnHzGi
