,,,,
,,tframowneraa,EOS8eKnTnzjbZoiWmqJryFqNBNGfZSGzy45NqsoXswbuJrxctYSKu,2
,,tframownerbb,EOS7JhSopDYCRaWvCQgsrR3smK4xCvmmrHDgHFG5cAzFSVWnexUyN,2
,,tframownercc,EOS6tyKhxgWAEtiJ2YZmNTf59tLAF1LpyPyyxdNY3hEopGAmiBqCR,2
,,tframownerdd,EOS8czN6auPohB3Y5Te3fDaxyDTy7byUqnbbgx6Xuwsv8V9MDWgZs,2
,,tframowneree,EOS88iYzWPx8yCDdyrMiH6tG4yfbDCqFUgusHYwDKEhG2AVNGt2bQ,2
,,tframownerff,EOS8jgTSZE2JW29SJj4HqZSK55qpY5SqSF6Wwg2gDLphiJgW4BjMW,2
,,tframownergg,EOS8fqmaBhJH6kQLUCCZrFFN7gMCjsPT4Xb4GpubkQtu2eS1hwB8Q,2
,,tframownerhh,EOS6j2D85EB6xr7FRTdZKdwnxruYRn2oegEUuuiPV3cZNcUpHnWWc,2
,,tframownerii,EOS794rEgVEtpecoHLba9sYjQjeagRshfS7eLxfJZAccQbhNzanj2,2
,,tframactivea,EOS51DKHCix5VfgFuf2ezDah8hnopwuD8NqJderGwawv9QboLuQHC,2
,,tframactiveb,EOS7NcPfsg69RT43KjMo26Gj8raUnNxqAWn6jw4hLjNrv1fAzf9m5,2
,,tframactivec,EOS5kAHAUeHCAwhCNBfP1qsBGoqC4PTsvedDkmZb1oHXaoWiuGd34,2
,,tframtradezz,EOS86pHGGxm71w9uT1ASAjbrTY9iK4jsm3av2JsG5M1Etw7oqkjvd,2
,,tframlownraa,EOS6P8qiktdSf47g7H1FkRYNkMVkCVAN5HoqxsB4DGY7yGuWPM63N,2
,,tframlownrbb,EOS7BA6rQ6qLk8FnjtAeA3oJkpx4o1xdXAH7qmVkTQ3EtdxXzGdog,2
,,tframlownrcc,EOS5AKUp5bRpfRMWMKkjgvwvK3wEpH8svZr1M1NwYVRJb2rVGyDpH,2
,,tframlownrdd,EOS6fLwRPx89a3CqqxtLBsHDdQWwU4JvHNTE7v8NsHBUoLS5xADLi,2
,,tframlownree,EOS6M9pZPgNwdDctmkE7cw3DpMoFAaCpZPgN2NyEa2WJpDcigBmXD,2
,,tframlownrff,EOS8jgTSZE2JW29SJj4HqZSK55qpY5SqSF6Wwg2gDLphiJgW4BjMW,2
,,tframlownrgg,EOS85PiSoGpkA1guPZ87Mq9hDPCzHnoWX7Qdg7wrZKp9BJVqQEgM2,2
,,tframlownrhh,EOS5LGohQ3pK7Eg52TJLk88XXSTPEEy3q7sK8jmctJEVFbzATvJfc,2
,,tframlownrii,EOS6wsj9JHW1wkpKfRWfJAJvUtzqgvAgX9RJRpFTuSrHw4bwGnPWm,2
,,tframltrnszz,EOS7HiBWsoLZjMRECbmtwDa3ijCeENPfwU8dxWkqpGjYgBjXX1Nt3,2
,,tframltrnsaa,EOS5o85HMYV1UHJazsFV2iDuJNNjaVvVMjneyXyUbJ1izjT1FpiB9,2
,,tframltrnsbb,EOS6pBfAwgz4Tsd47w54pK53tK29n9Ry1TcVXtdvFv8tu3knHb3Pw,2
,,tframltrnscc,EOS8CPrQ1BVzTX6Yc4LiGpAzeJQ5Y1DLdDRo4TynPUpEtdfFAjg1r,2
,,tframlsellzz,EOS6sUUCRX6PVNBjgtMVCsMVHmT1AnAV7vmA1gCGJb1fzFaLbed1s,2
,,tframlsellaa,EOS5eQoRhKMZeczVLev4DuPTTCNabsjgdYU1DGjn3dkYFMPh2FXrL,2
,,tframlsellbb,EOS8kx9PfaMgAR7AqJKyS6RQUhjUg1fQTUhATNsZd6U3xvauC7Mqz,2
,,tframlsellcc,EOS55vxaAbPcXGBBjeh3BnJXWKM2w38oD1KgdMufSSX8XLFd8z2Gd,2
