Account Name,Public Keys,TLOS Reward
tfrp11111111,EOS6y2HAuEApSdCm3koiUzYp2GHUfrbqExM335dRKvTYpGmCt18bC,10.0000
tfrp11111112,EOS4u8bjCUQNwmH7eFdc8GCDH1ZV6Y9RPRP5rVJnt8asumqr41AkS,10.0000
tfrp11111113,EOS4wch4wbJfcVZyXuqji7u2u4aFF2ZkQQTN5uZztkvx1s5PdKAWY,10.0000
tfrp11111114,EOS4yk4fwEhMuBN8Egq1tsny1UDz76AsdgmnhEpv2iGeNZ51ZMuf3,10.0000
tfrp11111115,EOS4yk4fwEhMuBN8Egq1tsny1UDz76AsdgmnhEpv2iGeNZ51ZMuf3,10.0000
tfrp1111111g,EOS4yLgYwQrjKFPZNWv2gczgefQBnXbNpP6g3kqzM9Whho1Kp8szq,10.0000
tfrp1111111m,EOS51TKDdsVX4MKoQEi4PNUf3j4K3fMfvdCokGWV1Rfcr2trkqLAG,10.0000
tfrp1111111r,EOS4ytAhooKDgRFudMvTN8hsHqu1HMEdUkv6X4S7YtoR2GJwSC2nV,10.0000
tfrp1111111t,EOS52CnR63t3sp7LJuwyUFLqrojETZDGo8EMVnX5gPU9wacyab4id,10.0000
tfrp11111121,EOS52JrQDxhqfG2TyykFGtXgNjUy9uyWqgwMe2HFU35hszqWCpvnh,10.0000
tfrp11111122,EOS53rXJdUihF5E4gLd8UCBUZTVN5QYbLr1SHR1M3uarogABHBv8S,10.0000
tfrp11111123,EOS554vMFWXyqjcEfY1vJ5sLSJ7AqShxHon5uNLbVTNq6vMKiQHt8,10.0000
tfrp11111124,EOS57B8EB34dizeB8diTwb7wWb3tXQnvi5j7tNuUBL5h36jzgQH5a,10.0000
tfrp11111125,EOS57t6uaDjDmLCEKjPYN1Q6oXpSMcJf14ySdMQxVCDd2ssJNYXtE,10.0000
tfrp1111112b,EOS52CnR63t3sp7LJuwyUFLqrojETZDGo8EMVnX5gPU9wacyab4id,10.0000
tfrp1111112g,EOS57t6uaDjDmLCEKjPYN1Q6oXpSMcJf14ySdMQxVCDd2ssJNYXtE,10.0000
tfrp1111112m,EOS5auzf37opwELtiSSWRx6guEQ8QQCEtRAxCAG23MmTeDBe1kpKE,10.0000
tfrp1111112r,EOS5ATwKPyV5AtFJjpQoZzqu7qZzbyQ6NfBBKJDQK8yqCog5D4d92,10.0000
tfrp1111112t,EOS5awbnBDwNPTLG6qpBS5Ahep9vGf5ooMnigzME9p43ygUUZFAx8,10.0000
tfrp11111131,EOS5CuneZ5muPa5PLVfS6ta9kcfkCKsQ9vNWqXNY7D8G2BPf83k1M,10.0000
tfrp11111132,EOS5DBQAfZcfrMx98wojFKk9UE7AWDjFKCocGPUjhRTX6PNUYN2oq,10.0000
tfrp11111133,EOS5euUbrhA2PxPLv56vNe3cTEfuGg7LJEVGn6TbbVm5Q5Q4UcWZa,10.0000
tfrp11111134,EOS5FFkUCCSTBD3xjSfG9NHM9wQATUCnaCiGH2zSLjdpxtoQxyVSv,10.0000
tfrp1111113b,EOS5C9YTvp1jJSwdFF4pakBFYvFt7m71T7V1fFKNgyhdido2uP1NP,10.0000
tfrp1111e122,Key Required,10.0000
tfrp1111sq25,Key Required,10.0000
tfrp11122222,EOS5fLXbhroBfWz89vrVo8mVuDnYmgQYxmSDvDPbQpT6YxPqKbpM3,10.0000
tfrp11122223,EOS5FZQSi5fuGF2anmRLe82JfQT8Q1pTTboiMEDrYNxhD1aCZC39B,10.0000
tfrp11122224,EOS5g7Ar6deuFyQ17Hbbv5Hwg6jyZ72Tb6c2TyJbrxWntu6qceExi,10.0000
tfrp11122225,EOS5GgRjUbfxvDG67ed4rqoyLYWMLbr5eRrG4VUqXAtyAMuXFEKme,10.0000
tfrp1112222g,EOS5K6687pbXnpP3snrp5XrG9WSxxxKTX2PH1UVrWgeafUzLTbiy1,10.0000
tfrp1112222m,EOS5Lt5Xuiy6GDdnhnUPsVmRoL4zn7j53fGmUxFtbKHQhfXFkruxa,10.0000
tfrp1112222r,EOS5kqRs9kMUdePKdtoastJ48vUvTMLdXu7BFFLsM2xnARqs1CRVH,10.0000
tfrp1112222t,EOS5oNVTtaruJY59Y4zaGGmeqwD6veKFqWo4jEcB2uzWdNCFJZAHF,10.0000
tfrp11122231,EOS5oWZiLpyfJ6erBpgtPiJqieJfvw3wf93FZmhEgkURsWT4x9aKi,10.0000
tfrp11122232,EOS5p1UsbDuop9zK9zCPHzrCM4SfwixWfx1heKGSMzEGNcj62vnwx,10.0000
tfrp11122233,EOS5PKbq1gurjUDWBrkrdW3bxqVtm8mHEnfmJBjQ7kVWC4DJ1ibtr,10.0000
tfrp11122234,EOS5RhGNAnek7zGyrhVQ1Mr8xsxRZzd8RSUs1ebEe1Q1Rzkw4sNf6,10.0000
tfrp11122235,EOS5RyszpT1F5C18ZWiJA1VjcWutqt8GemnmRavbgTC6s6Rug2H66,10.0000
tfrp1112223b,EOS5ooKZG7KSofC1JXrRfJs35fvaCZxcUNtKbodm6nMV4M6VavKTk,10.0000
tfrp1112223g,EOS5trSyQg8tufr1k1UKYPJ7AFnXbLE2r3fuun5dnhZUiGsyxV1Ug,10.0000
tfrp1112223m,EOS5uwBVsTg6Quv2TGAqN3wb97u4nVbxNQVLNwqeRoLUthbkTSmpR,10.0000
tfrp1112223r,EOS5U4ETidrgyQAg2hAoW2EmXR5LgDr7WjB5LKuVB3oabiRsa65eQ,10.0000
tfrp1112223t,EOS5v2Wb3nJUMF4SdjAzdWprKnYXWV563FhjPoXDFQgTwX71UYPvj,10.0000
tfrp11122241,EOS5vjYGjVV5ugbeFY5GR374NHHuRyFE5NKLBFpq8Td4tNeauW3gN,10.0000
tfrp11122242,EOS5VSxHPmUErGgZarJygbfugpJAyZbNbQBxca6UaVgvTSiMengmc,10.0000
tfrp11122243,EOS5XuGLKT3sWikXu87cqsLMUCocGtiD9faobPGYyXSWSWMdVJL8D,10.0000
tfrp11122244,EOS5yfyfkprRWta8pRxuWShgHj1TXYFSxJ1H7Mmt5mwy2dXsjEKii,10.0000
tfrp11122245,EOS5ymbd8awSoYC83UEdzfAZDGgvf1269PFHY43wKwEoLFHYxLogQ,10.0000
tfrp1112224b,EOS5vjYGjVV5ugbeFY5GR374NHHuRyFE5NKLBFpq8Td4tNeauW3gN,10.0000
tfrp1112224g,EOS5ZrWLTYjEUsbkSxYDY3jd3UWWdZdQ9ugTiPdPKVVjiZ2m8nsEu,10.0000
tfrp1112224m,EOS61AsR6ico7Q3qbLA5KPEdrSHq6QDBqzurSLpD3KxSQpnT3QxNA,10.0000
tfrp1112224r,EOS5zYYpiofwkU9TWZCVnai64SymSc49B69fgkibPM2LaWXQQdru9,10.0000
tfrp1112224t,EOS61FwxUwx9erKi57u441R5hsBXHM6Qohb16tX9zKzgaeNjLDrKP,10.0000
tfrp11122251,EOS64GAVyvriAevujfKnYCScRj4UqcXpES3WoHc1L5bezMg26AUR6,10.0000
tfrp11122252,EOS64J5Z5ddh5gxrNjVLYcVh27ntv8Kg9XaEzpdQYSKKoY1K9KSg7,10.0000
tfrp1112225b,EOS63dkS5cDZGX8jVyMtgrJvAgCNQkY5yXzi3bMPUSydnLw5rAtPK,10.0000
tfrp11133333,EOS64vsYFnmWK23vG5hbZY7A6CvReUWR8Vig4YaJ1Hq5xMuEsU8wf,10.0000
tfrp11133334,EOS67n92tx5HdHVnMX26mztn72hhcrdVEojcdU7YkrkW1y7BmKaQi,10.0000
tfrp11133335,EOS69onGW29xnMn32mujWiy2qj9itDMcJivWuyuZdVWtiuNgwrbqB,10.0000
tfrp1113333g,EOS6BnEABdyyXmkNKtomi9hzRveFQDb3zVJb4CABVCnHvsgHht7ji,10.0000
tfrp1113333m,EOS6D6XDyd7TUow4hGxjhBRq1jySEgqgfDagcaLoagaTuFD3eTfsw,10.0000
tfrp1113333r,EOS6cEpEKDy1ye6vVSFuf9d4nvh67duPPUYe96HndYcB9Rj49Pr52,10.0000
tfrp1113333t,EOS6dDFAgBhgkrt8jQm1ybnc1rv6ycJbTocL3p18MP7HDQ6K7mNs9,10.0000
tfrp11133341,EOS6f1vhw2E1hES6M4juZzy2cST4tYz3iQ2HWmJaeLVrSbK9kxW3N,10.0000
tfrp11133342,EOS6fD7RTbe7wX6J4pBTe8FFLeAvJudXAB9kwZyWRoWDb1ASsCLFw,10.0000
tfrp11133343,EOS6fUTNViE6LKNqS59zt7prZhDd5kEVaH2hGVHzhSKd1uPFCfWBE,10.0000
tfrp11133344,EOS6j5XCra5nTQQXndgYdtNbjPiPy1JeWAHvdNsVHf9za6fnYFpoC,10.0000
tfrp11133345,EOS6KoAhXyrjbh3LKe5tNqSqL3JAxGeGM1JuoA2KB3U6ptQrtKeXM,10.0000
tfrp1113334b,EOS6eBMtQH9sCUdpQtK3r1yYHVL3UAd6wXZzyYYLkhq2KmjC8T5td,10.0000
tfrp1113334g,EOS6kt72UsMHcgqeh8cShXDEf7YQJB2ZUdyBzSYkz8RGgowCyLRU2,10.0000
tfrp1113334m,EOS6m9r1oAksBS27P4YgYYkwLGVbNEYM21eYgi2MsySZPcSdh31DM,10.0000
tfrp1113334r,EOS6kTRjSxqU6GEEceRDaVm2WEBPEyxAsoLvihbZVdw2ye36fk8tj,10.0000
tfrp1113334t,EOS6n3vGHLVhKNUgzY33gGLEJwxY23zKTMV7SpHYvQ1MtjfuWCP2n,10.0000
tfrp11133351,EOS6NFRQRjgCqPfFBxR9PCMMgo2ZwgZEWJiR24QLgZuyHt9Sm6g1Q,10.0000
tfrp11133352,EOS6nM9MB8R5jjMyyN5io8bNkLnd617XCPrPnfvMhbXwZ4wrtGHxy,10.0000
tfrp11133353,EOS6oKEXp6pPS72cHsroX8GiCgc9wkYjeFmks9kFxxjtnhSs1bHnU,10.0000
tfrp11133354,EOS6oTdbFGCdomXdvKQiTjkmp4KH2tc9emNeT6AgyGkLEPrccY6bU,10.0000
tfrp11133355,EOS6oVDSBtpKjkQAtArNpyT2iS6RD9XyjQx4VH6GiLuKQ4KdcEHC6,10.0000
tfrp1113335b,EOS6N9hMUA6GSyD4wsHpxy53SuR15pjmAsXkxGQwRdH1j8n2KikTY,10.0000
tfrp11144444,EOS6PmNXVbRFuGjkLJYn65Z7kec7iv9CsTqWjjzjXgG38xCz41ZkH,10.0000
tfrp11144445,EOS6PqVDuQjAeUtwt1ta4RUJKkps32NWDkYvVnZiaJJM9fSGPFvNg,10.0000
tfrp1114444g,EOS6Prtyqs6bnuEMXsR9qzT6e1Vn8bcLfhZMcZKuDJJ4gkMbbmarm,10.0000
tfrp1114444m,EOS6RgiSZ52nzbiPmVub4PR9YEAyrX11m9Evf1PWGaZgcnLscxwbh,10.0000
tfrp1114444r,EOS6py3mWFD3gQSpyoV7Grs91vSgwdHpEKhNXwBBJsRQijXJihqWj,10.0000
tfrp1114444t,EOS6RSFp49RvdAZoXjujDvvZsoirkJsGWG6vmSTngPGWUkhMr6rk5,10.0000
tfrp11144451,EOS6t25C2Xhoj5KrX6b7ejYfCwaBzqsDQThvcSm7ZtCC6WSpTcKyt,10.0000
tfrp11144452,EOS6tivRcdaWKastyFDZpkPXBj75UMy5P7dBsQcCfJXxDuZ3hZu69,10.0000
tfrp11144453,EOS6tsR66NYNS5NJYvtUrsN86rd7mvuXenPSVPepECa9tJE1Rwd35,10.0000
tfrp11144454,EOS6U2fNmBgkfgmPzc2bPotht7PCuAS96jH6oD18QLRDFAQZX4M4A,10.0000
tfrp11144455,EOS6UjF9biuSuKvwYTMvT59kDcRyGi1CHT7X3VWVV3RDwTB9NNHNe,10.0000
tfrp1114445b,EOS6Su3r4ZDFa6RNXcqqYxT4avxkAJBNuzdnF4AoCPapFjfJ9DXzH,10.0000
tfrp1114445g,EOS6UMnJeu7sMdSjcRSHUy8LswCvTbc445KZhqzZ2MRsbsYZ2T6oh,10.0000
tfrp1114445m,EOS6VmC9gBQ234LKqiNgGZnbf9zkVEucWqaAY6bmUWgAvBapB7iN3,10.0000
tfrp1114445r,EOS6VhyeTJNrw7i4ZW1MKoXyNnrY4h9o3Nq9epM9qBXXrTouj894p,10.0000
tfrp1114445t,EOS6wBs17WpBiHWxAQjmRHyoPPjzm1nrLy1Ns2c82Mq63ZhDHqoUs,10.0000
tfrp111444g1,EOS6ysu9AVYjCSmN71RVzFDAnjAJiWCRW8Zpiz8LrbDyRzAndqr27,10.0000
tfrp111444g2,EOS72gxUGUDmTspv4Lm3vogUUxrhHtt1iungBUdEVSRMMS1oBLE3x,10.0000
tfrp111444g3,EOS73T3LdNaAjBrx2uDKVTVuVHhFLZ3rL7CALUNMCbnz63Yh757zC,10.0000
tfrp111444g4,EOS75b7VLKpaxNT6RdNDJLLW4CKgqudWjePiswZMZfBikLcfQUgF2,10.0000
tfrp111444g5,EOS78ES9qBivZaS8Bm56g9Enj2SrHiJ7RKL4r8o4RecsUJJJaoVxr,10.0000
tfrp111444gb,EOS6XPaHL5xjQEycxhgBKH7rQDJQsdbfah6PyL7xXpsob6CJjGY7K,10.0000
tfrp111444gg,EOS7AxTxvg4jL53MDMC6ME8enYBg5X1kmqhRYgMV6F8MZg74p9Luq,10.0000
tfrp11155555,EOS7bBBSDbVMiAJF3mW5fz1n4yQZNbznFwr4a9fLC5BmNyBBvGZu6,10.0000
tfrp1115555g,EOS7Bmd28xobuRbv1rg2wC8xnzrYgai9r5fmMTNrNK3TZHqBwozXs,10.0000
tfrp1115555m,EOS7C2YubQp933TdMGfmkkzHvsZAsmSmmc3NFqKJAFLGwKP3r7RP3,10.0000
tfrp1115555r,EOS7BvQUhsaeXmuGsx9UK112Y4MhdJxKZXFjCBLLtUVXju5NbAkBc,10.0000
tfrp1115555t,EOS7cmMLMvXQwLgwntUNuRVHDPv6u4PcuVnqWxEi8aB2WcBFwGF1e,10.0000
tfrp111555g1,EOS7DzPxKYV24vtFFwmRNjqee8JntvwoEkLikNfHw4Rt2YEMFeWxC,10.0000
tfrp111555g2,EOS7EKLMiamikTuNh179XHGPNftm1ptnz8YWGyudnzVo6F5guSUUL,10.0000
tfrp111555g3,EOS7EUCwAqpScBkuebH7UxKMxGWs1YdeE4t6qQrttGbf3x4HyVgUa,10.0000
tfrp111555g4,EOS7EvD8rdRFTEZqcVAaRmACfQfnDNQ711rJyztk8Z63T9jSnCbKQ,10.0000
tfrp111555g5,EOS7fAvnmUiLDjYFiqdudbu3nYTv8pjmUpmyDJdbVEf59F7b69Kny,10.0000
tfrp111555gb,EOS7cwcwq18MRSiT6qnCzNKgxkNM6xnvjiMFTqDFH2tySuXvaGkHN,10.0000
tfrp111555gg,EOS7fhAcgA3CtSnnYdbBvVJG77FfMc1k3dr8TTixDF5wKJKw5EZF8,10.0000
tfrp111555gm,EOS7FwHFQ41UHppJKSvvhyKoEzP62M7aowGS2mzVXNHKVumdPhFUp,10.0000
tfrp111555gr,EOS7FrN64mEwq6nYFFJqDSJdhZh1B1xZ9FBQNjPSHhKdmmMKi3cHi,10.0000
tfrp111555gt,EOS7GoMptYfFhAT74HQ2nwx6ynCqjdTJeGRs9mgSmfBhVzksW5bRy,10.0000
tfrp111555r1,EOS7L9fZz74U5Fj3YNx6MeG5QvUKEWVHMHaJv3MbEeN5jZpL5BzoK,10.0000
tfrp111555r2,EOS7LXcaj6U5a59U4YF7qGp3TSUZ2Q3DJ3ALQGgan57MhXELYbqTs,10.0000
tfrp111555r3,EOS7NdKcqwsDCoQu5ttfDHA6WJc2EpBDJT23dFdsa3E7S5Z8BrvQe,10.0000
tfrp111555rb,EOS7H7FD3ySPbfDuzpoW1sPRH1q7omAAFwtHAnN5pF4nN9VKnMCzs,10.0000
tfrp111ggggg,EOS7Ns9oS3gCEJtRbs2cZ2hy2HbKcqzys9dBrnsyu42MN4KaobriG,10.0000
tfrp111ggggm,EOS7pB6PdRoqgLGxKG4NTFDSmHvg525fagFY88XMc9tKDdayc8tgC,10.0000
tfrp111ggggr,EOS7nxQXDPysKopUjVXUmTVM4mJ6czf3kcUeEWvgttcXw6NtYvwED,10.0000
tfrp111ggggt,EOS7pHonHsBgACDGzDixpjsWBt37KbmmKjFFga11L1h4cHk7haSND,10.0000
tfrp111gggm1,EOS7xkuM9VBAF49um9TUa94dLBxr2ZTkgsh7Zns7rYKWxU2GjyRos,10.0000
tfrp111gggm2,EOS7XRchQRtww2h6JD9ZeQFFNHhB7RBDouq2sDSuHtMtCy2cLWSSm,10.0000
tfrp111gggm3,EOS7XZSs963PYvbEshxuSU9YeoEoknhn5EQUXW46dHqsZDf7RVs5n,10.0000
tfrp111gggm4,EOS7yLBvkSmiQ2GdnzkqwqJqoSkxjENjQtp7iWxcgb2AikKRkfMPx,10.0000
tfrp111gggm5,EOS7Z89DUt8yBbXwd882Kfs8ww11NP3QzVxiU3szjD72hPYq24Xev,10.0000
tfrp111gggmb,EOS7xDK3xqmMhA6jRkacj9mCKE3h5nqRt6khJ97KLnJsrYQbS4fts,10.0000
tfrp111gggmg,EOS81pvFbFJ6xCzCKE4V2LcLrX9KMGLbaqBkNjHFpqENttDwyY4wV,10.0000
tfrp111gggmm,EOS84gzPU26oFxyo4MKVow2ggAgioq7zj8jjmomhqeDo7AdBEQapr,10.0000
tfrp111gggmr,EOS83rMSgSG17uY8S6CtXpg2HRvoG8jzRR5u6iNhRM6c1UAEY7KFy,10.0000
tfrp111gggr1,EOS7Qi4qEhbQ9cYFykoCGRzmrazoKYr8DFr4KfJ4k5U4NXTKWqsqr,10.0000
tfrp111gggr2,EOS7qkodphojVWGbxDb2xXQDMMhKURqoG8RXJ4rqgNwwFncmCjHav,10.0000
tfrp111gggr3,EOS7QPDa5BQ2J9A3F9FsQzGjnJx4zDday5e6Q1Qr1KgBxj2yG6oJe,10.0000
tfrp111gggr4,EOS7Rf2RMkE1eex7oi27KawJYVdk2aHJv7CP9Jrwsbi9qz6syKvNX,10.0000
tfrp111gggr5,EOS7ULTUpBAJGz4WjhEAyc83VmC8QsqBckuswYmuQKV25HnU3FzZr,10.0000
tfrp111gggrb,EOS7qFa4kTEd5vykNJz4quAJKGwFGoWX9gNqcXbfvFtmQLjPLP8rP,10.0000
tfrp111gggrg,EOS7VUxzVJENG1ujaTvbCDfbL1F4Z5AcMCfjXgrV2DZDkHEDzsSvD,10.0000
tfrp111gggrm,EOS7WKb9SxdBFN9X88VLY51hfNQNq4D2JCaHYTifKSmx5PcdHAPFM,10.0000
tfrp111gggrr,EOS7vytzz12vPh28PNz3JoSLPQ1KLWr9cB5TkCv7ZhbwZiJEpJAA3,10.0000
tfrp111gggrt,EOS7wUCydBR6krPvgz9MwxysPrXpwu6pSbkSogmofYscpSMkGFSYh,10.0000
tfrp111rrmb1,EOS8NiyAcZZfX4vdov4rQ4Dmhd6FNVn9KK9jH87mvchqDbryffVze,10.0000
tfrp111rrmb2,EOS8Quq27Jy4qhZkcftu9HCGXTzLVLmWphgaUmVj1ziiCiXBUKd1w,10.0000
tfrp111rrmb3,EOS8RFjaGLGH98PNF7BNTZFTuzzFKeFd8zN2aA8RrhtNzBJsU2Ucn,10.0000
tfrp111rrmb4,EOS8RKSvCiLSohQhgtWm44Ct4zFhBCSjVhRdbtXYGkRdSokHZq6pt,10.0000
tfrp111rrmb5,EOS8Rph4HnU42SbFWSxPAGRCQVpW42x92is51GUofBTDBE5ZSBCrk,10.0000
tfrp111rrmbb,EOS8kBUgUAM7UxGGpi6eVg4RfwLySdPpuMVSaDKX9DVmZBa4orBEz,10.0000
tfrp111rrrm1,EOS8ahwy5HHKWiEjpU83K6iSeMcMDkorCScxF4rvFreapV7rvNZ7z,10.0000
tfrp111rrrm2,EOS8apndma9ZxAoFFiCyrWouqHbcWctPisenyZvcq1cvAUeDD3TwC,10.0000
tfrp111rrrm3,EOS8AUBqjs5jomPStQ9uDCTyxJR72U24ZfM6DLVEF7A6i3U1T2rts,10.0000
tfrp111rrrm4,EOS8byuhMmeniP9LYdoMcxEeoCYKA6GdyB27Qrzg4VQsF1rTSM4kV,10.0000
tfrp111rrrm5,EOS8ccnwtNv7RUY4Tc6xR5RbGm2frYoxEAtheJy5KUVZ5BBpbf1vh,10.0000
tfrp111rrrmb,EOS89xqwH431dqfwFKxXx61zdehmyWpNnsH6dd77ZZfiGm7CY462T,10.0000
tfrp111rrrmg,EOS8crJNAH4Nw8JHpiqwA3rjMCGTDM1nNMCcuvShXrbHdyv8841js,10.0000
tfrp111rrrmm,EOS8deBVC8NgyjJjudSrpCCw8D7MXpb2KcHWdTa6CWjmeCkSmWfYZ,10.0000
tfrp111rrrmr,EOS8CxFsxELfapb7ada5U1kpB2ZgyfSPwZNSVQitcdqUjBmqAz4VB,10.0000
tfrp111rrrmt,EOS8dJPNMGHud1oobWGvA4AkztVXinRH6aisVs1zJTUQX4ZBWQpyD,10.0000
tfrp111rrrrm,EOS86w4NoNDeuZQkmtewzsAm8B18zW43NkV4hw5LpnrGNTBbBXbdt,10.0000
tfrp111rrrrr,EOS86P3vgFxCGX3XRjswkD4AS3ArLxj7uZ7U3LrcRz1Ax2RfStt9g,10.0000
tfrp111rrrrt,EOS87AfDNt9U5kWBEnQTwBNtt5TXb63kMChxZDwsheN5V3ARrE4S2,10.0000
tfrp111rrrt1,EOS8DyAwSmndmhdtnkFgQP4DY6TB4n5rFHPEHEBgrjuwNj5NxVTxj,10.0000
tfrp111rrrt2,EOS8EBj3qRLtzG2796vEXX7FqWfgDFjazWzakq8fbJRo2a8nPKitG,10.0000
tfrp111rrrt3,EOS8euPcPXcw8oXHC4b4yDmnpF8sdGwCAg5bhG3j5y6frEoU3ucyq,10.0000
tfrp111rrrt4,EOS8FBCHgJ22xKkJtZSq8tbfwrGJNce7oJyxRqHkjbKvcJm9FVddV,10.0000
tfrp111rrrt5,EOS8GUAUyShFLRLGr5qV5ELBLcvAZrbumQsP1f7AgDUTqrcCsoRgS,10.0000
tfrp111rrrtb,EOS8DrUAAHfaAQiqnidGvHhKizbghZRaU2c7SDFNjbPJojHWHbLAg,10.0000
tfrp111rrrtg,EOS8HZv1ckUDkD72VeQuQroL5t92B11Vr8M8hTTcgxYwPcoWFMkvC,10.0000
tfrp111rrrtm,EOS8jMfKShURBfXHyQGfoR1fYho7KrzLQxMsu9fqWc3fYSjjMvEEr,10.0000
tfrp111rrrtr,EOS8iGgQyXoi25RjyFcc62ARNkjpV9VdRMC8PoqXTZDJjtEfJiGue,10.0000
tfrp111rrrtt,EOS8k1y4cLvKerhCskizaZQ277dxCFzDErcBF3TcUeZUVEz3QGBDf,10.0000
tfrp111w1123,Key Required,10.0000
tfrp11211111,EOS8Ud24KwhRux6TpEyJh45MeWihHxig9JgLttrnLLnLT6CYZSwFL,10.0000
tfrp11211112,EOS8VsNnDYZBcqYwDj7Jkw7X9C2PmKxMGX8AHfCwv6sio92WGsdJf,10.0000
tfrp11211113,EOS8WqiXG2YZGsodpKcHbobVGsqZD1Qrni58HqstX1RFq1fxsEZHf,10.0000
tfrp11211114,EOS8ZXqFVQRpXdV8sJwNFXp65NweZL4z57okypA1VCgP5X7mcEKXv,10.0000
